group_id	path_symbol	rules	rule_raw_counts	directive_count	score	priority	target_slice	lifetime	protected_invariant	real_proof	rejected_alternative	approval	freeze_status
RUFF-SUP-001	backstitch/alignment_eval.py::_authoritative_distribution_inventory	C901	C901=1	1	17	P3	T9 P3 proof closure	permanent	One product-identity traversal owns cache exclusion, nonregular rejection, no-follow reads, executable bits, hashes, and canonical order.	test_authoritative_product_identities_* in tests/test_alignment_eval.py.	Separating traversal from opened-file identity would create a TOCTOU seam.	pending owner	proposed
RUFF-SUP-002	backstitch/alignment_eval.py::_candidate_projection	C901	C901=1	1	24	P2	T8 alignment, CLI, evidence, and coverage	temporary	Extract closed public-candidate field, span, and receipt validation while gold reconciliation and semantic projection stay together.	Span, absent path, reconstruction, synthetic envelope, and duplicate-coordinate tests across alignment eval suites.	Stop if exact gold comparison, relationship fields, or public candidate order weakens.	pending owner	proposed
RUFF-SUP-003	backstitch/alignment_eval.py::_declaration_projection	C901	C901=1	1	19	P2	T8 alignment, CLI, evidence, and coverage	temporary	Separate typed section and invariant projections while retaining production parser use, shared fixture snapshot, canonical order, and exact gold matching.	Declaration production-parser, owning-form, and drift-rejection tests in tests/test_alignment_eval_result.py.	Reject a parallel parser or helpers that duplicate declaration ordering.	pending owner	proposed
RUFF-SUP-004	backstitch/alignment_eval.py::_json_file	C901	C901=1	1	11	P3	T9 P3 proof closure	permanent	One strict filesystem-to-JSON boundary preserves regular-file, no-symlink, duplicate-key, finite-number, and object-only validation.	tests/test_alignment_eval.py duplicate-key, noncanonical-byte, and symlink cases.	Generic JSON helpers would detach filesystem identity and first-error precedence.	pending owner	proposed
RUFF-SUP-005	backstitch/alignment_eval.py::_phase_ids	C901	C901=1	1	28	P1	T8 alignment, CLI, evidence, and coverage	temporary	Create a named per-fixture manifest validator returning one fixture definition and coverage facts while phase-wide hashes, uniqueness, and coverage stay local.	Full phase manifest, fixture, coverage, declaration, and candidate-artifact matrix in tests/test_alignment_eval.py.	Reclassify P3 if the helper must shuttle mutable aggregate sets or phase-wide decisions.	pending owner	proposed
RUFF-SUP-006	backstitch/alignment_eval.py::_public_envelope	C901	C901=1	1	11	P3	T9 P3 proof closure	permanent	One untrusted-artifact boundary owns canonical bytes, closed envelope shape, operation and snapshot identity, digest, and counts.	CLI-output mutation, malformed artifact, snapshot, and Phase A and B recomputation tests in tests/test_alignment_eval_result.py.	Field-at-a-time helpers would obscure first-failure order.	pending owner	proposed
RUFF-SUP-007	backstitch/alignment_eval.py::_recompute_bootstrap_outcome	C901	C901=1	1	15	P3	T9 P3 proof closure	permanent	One explicit readiness and guidance-code decision table recomputes bootstrap outcome.	Bootstrap readiness, call and proof binding, raw authority, and stored-metric drift tests in tests/test_alignment_eval_result.py.	A rule engine or predicate-per-branch split would hide decision precedence.	pending owner	proposed
RUFF-SUP-008	backstitch/alignment_eval.py::_validate_candidate_relationships	C901	C901=1	1	17	P3	T9 P3 proof closure	permanent	One graph-contract audit preserves ID and coordinate uniqueness, closed relation kinds, endpoint resolution, locator direction, and obligation ownership.	Candidate reconstruction, obligation identity, duplicate-coordinate, and canonical run tests in tests/test_alignment_eval_result.py.	Separate static and declared validators could diverge on shared endpoint rules.	pending owner	proposed
RUFF-SUP-009	backstitch/alignment_eval.py::_validate_candidate_runs	C901	C901=1	1	20	P2	T8 alignment, CLI, evidence, and coverage	temporary	Extract a per-fixture run validator returning surfaced rows, captures, and one binding while cardinality, order, and aggregate capture remain outside.	Candidate identity, canonical find-evidence binding, reconstruction, extra observation, duplicate coordinate, and task-path tests.	Stop if output rerun, sort order, or gold binding gains two owners.	pending owner	proposed
RUFF-SUP-010	backstitch/alignment_eval.py::_validate_gold	C901	C901=1	1	27	P2	T8 alignment, CLI, evidence, and coverage	temporary	Extract only a typed single-gold-row validator while retaining collection uniqueness, source-catalog reconciliation, and discovery completeness in the parent.	Gold label, source-bound, absent-candidate, Unicode, span, and candidate-artifact tests in tests/test_alignment_eval.py.	Stop if first-error order, exact receipt recomputation, or source binding moves.	pending owner	proposed
RUFF-SUP-011	backstitch/alignment_eval.py::_validate_recorded_backstitch_argv	C901	C901=1	1	19	P3	T9 P3 proof closure	permanent	One explicit read-only command grammar owns option uniqueness, selector conflicts, pagination constraints, and fixture-root binding.	Noncanonical recorded argv, malformed call-log, and canonical run-binding tests in tests/test_alignment_eval_result.py.	Argparse reuse or generic option tables could accept more than the recorded proof grammar.	pending owner	proposed
RUFF-SUP-012	backstitch/alignment_eval.py::_validate_tree	C901	C901=1	1	11	P3	T9 P3 proof closure	permanent	One fixture-tree boundary owns contained paths, manifest identity, exact inventory, hashes, normalized collisions, and frozen config.	Missing, extra, changed, symlink, collision, and config cases in tests/test_alignment_eval.py.	Independent manifest and filesystem validators could disagree about the accepted tree.	pending owner	proposed
RUFF-SUP-013	backstitch/alignment_eval.py::load_alignment_eval_plan	C901	C901=1	1	19	P3	T9 P3 proof closure	permanent	One content-addressed plan loader preserves Phase A and B identity isolation, path and hash validation, sessions, thresholds, and product identities.	Closed-plan, phase-isolation, session-count, product-identity, and threshold-drift tests in tests/test_alignment_eval.py.	Splitting field groups would obscure which inputs contribute to each phase identity.	pending owner	proposed
RUFF-SUP-014	backstitch/analysis_llm.py::default_provider_adapter	C901	C901=1	1	14	P3	T9 P3 proof closure	permanent	One provider boundary owns resolved model identity, request options, schema mode, transport, usage, and closed provenance.	Exact-wire, raw-transport, schema, identity-mismatch, omission, no-retry, and absence tests in tests/test_analysis_llm.py.	Provider subclasses or duplicated request assembly would create parallel transport contracts.	pending owner	proposed
RUFF-SUP-015	backstitch/analysis_packets.py::plan_source_aligned_packets	C901	C901=1	1	12	P3	T9 P3 proof closure	permanent	One packet planner owns active selection, materialization, cumulative ceilings, first crossing, progress, and measured-prefix accounting.	Budget crossing, retained bytes, deadline phases, progress, clean corpus, and mixed-kind tests in tests/test_analysis_packets.py.	A second accounting pass or divergent dry-run planner would break measured-byte authority.	pending owner	proposed
RUFF-SUP-016	backstitch/analysis_results.py::_validate_current_analysis_row	C901	C901=1	1	29	P3	T9 P3 proof closure	permanent	One current-row boundary owns schema, kind and identity coupling, hashes, classification, evidence coordinates and order, and role completeness.	Current suppression, invariant, role-set, vocabulary, malformed field, confidence, and evidence tests in tests/test_analysis_results.py.	Generic schema machinery or reordered checks would weaken audited first-error behavior.	pending owner	proposed
RUFF-SUP-017	backstitch/analysis_results.py::validate_analysis_row	C901	C901=1	1	31	P3	T9 P3 proof closure	permanent	One compatibility owner distinguishes current, partial-current, and legacy result rows and enforces packet-local evidence.	Legacy and partial union, suppression reinterpretation, kind mismatch, packet evidence, malformed JSON, and classification tests.	Independent legacy dispatch could reinterpret partial current rows.	pending owner	proposed
RUFF-SUP-018	backstitch/artifact_contracts.py::_invariant_packet_shape_error	C901	C901=1	1	18	P3	T9 P3 proof closure	permanent	One invariant-packet boundary owns identity, content hash, locator, snippets, and issue shape.	Legacy invariant acceptance, malformed invariant, discriminator leakage, and content-bound tests.	Merging section and invariant branches would make discriminator-specific precedence implicit.	pending owner	proposed
RUFF-SUP-019	backstitch/artifact_contracts.py::_load_packets_text	C901	C901=1	1	17	P3	T9 P3 proof closure	permanent	One loader owns line framing, JSON parsing, schema discrimination, legacy normalization, and row-context errors.	Full load, normalization, and malformed matrix in tests/test_artifact_contracts.py.	Separate loaders could classify the same row differently.	pending owner	proposed
RUFF-SUP-020	backstitch/artifact_contracts.py::_packet_v3_declared_error	C901	C901=1	1	12	P3	T9 P3 proof closure	permanent	One relational shape check owns declared-region containment, relation lists, locators, and canonical order.	v3 source-aligned, nested declaration, and malformed packet tests.	Separating containment from relation ordering could admit internally inconsistent packets.	pending owner	proposed
RUFF-SUP-021	backstitch/artifact_contracts.py::_packet_v3_header_error	C901	C901=1	1	11	P3	T9 P3 proof closure	permanent	One v3 header audit owns identity, locator, span, hashes, and closed header vocabulary.	v3 producer and loader round trips through analysis packet and artifact contract suites.	One helper per field would add indirection without a new owner.	pending owner	proposed
RUFF-SUP-022	backstitch/artifact_contracts.py::_packet_v3_summary_error	C901	C901=1	1	12	P3	T9 P3 proof closure	permanent	One summary validator owns counts and cross-field total consistency.	Packet compilation, load, and summary-disagreement tests.	Generic count validation would lose packet-kind semantics.	pending owner	proposed
RUFF-SUP-023	backstitch/artifact_contracts.py::_packet_v4_shape_error	C901	C901=1	1	26	P3	T9 P3 proof closure	permanent	One schema-4 audit owns suppression versus source discriminator rules, relations, issue order, hashes, spans, and identity.	Schema-4 suppression, hash sensitivity, issue order, malformed packet, and load tests.	Handler maps or reflection would obscure the closed discriminator contract.	pending owner	proposed
RUFF-SUP-024	backstitch/artifact_contracts.py::_section_packet_shape_error	C901	C901=1	1	16	P3	T9 P3 proof closure	permanent	One explicit legacy section-packet shape preserves discriminator-specific fields and error order.	Legacy normalization and malformed section packet cases in tests/test_artifact_contracts.py.	Reflection or a generic packet validator would hide the compatibility table.	pending owner	proposed
RUFF-SUP-025	backstitch/artifact_contracts.py::_v2_invariant_packet_shape_error	C901	C901=1	1	33	P3	T9 P3 proof closure	permanent	One v2 invariant migration contract owns declaration, span, content, hash, and semantic issue validation.	v2 invariant bounds, declaration-before-marker, multiline declaration, and malformed invariant tests.	Shared v2 machinery is rejected unless it preserves every discriminator-specific first error.	pending owner	proposed
RUFF-SUP-026	backstitch/artifact_contracts.py::_v2_section_packet_shape_error	C901	C901=1	1	25	P3	T9 P3 proof closure	permanent	One v2 section migration contract owns snippets, source bounds, semantic issues, and packet-hash recomputation.	v2 acceptance, producer-bound, and multiline-declaration tests in tests/test_artifact_contracts.py.	Field-loop abstraction would hide section-only constraints.	pending owner	proposed
RUFF-SUP-027	backstitch/cli.py::_cmd_analyze	C901	C901=1	1	22	P2	T8 alignment, CLI, evidence, and coverage	temporary	Extract typed semantic request and factory construction plus outcome rendering while lazy imports and command-level exit ownership remain local.	Analyze mode, preflight, import quarantine, failure stages, readiness, formats, and exits across CLI and semantic application suites.	Stop if deterministic commands import provider code or failure-stage precedence changes.	pending owner	proposed
RUFF-SUP-028	backstitch/cli.py::_cmd_eval	C901	C901=1	1	17	P2	T8 alignment, CLI, evidence, and coverage	temporary	Separate path and config overlap validation from adapter and request construction while retaining lazy imports and one eval error owner.	Eval config, overlap, provider, and qualification tests across CLI, semantic eval, and phase-C suites.	Stop on path safety, selected config identity, or verification-adapter drift.	pending owner	proposed
RUFF-SUP-029	backstitch/cli.py::_cmd_packets	C901	C901=1	1	11	P3	T9 P3 proof closure	permanent	One CLI adapter owns path conflict validation and closed blocked, failure, publication, and success rendering.	Packet exit, debt, path collision, budget, publication, and clean-corpus tests.	Generic outcome rendering could change public messages or exits.	pending owner	proposed
RUFF-SUP-030	backstitch/cli.py::_dedicated_cli_overrides	C901	C901=1	1	15	P3	T9 P3 proof closure	permanent	One explicit command-to-config-key allowlist preserves CLI override scope.	CLI and settings no-op prevention and command-scoping tests.	Reflection over argparse fields or broad pass-through would widen configuration authority.	pending owner	proposed
RUFF-SUP-031	backstitch/cli.py::main	C901	C901=1	1	18	P2	T8 alignment, CLI, evidence, and coverage	temporary	Extract explicit-command execution from default-command selection while one outer parser and traceback-containment boundary remains.	Default invocation, explicit precedence, resolution-once, no-command, bad config, and no-traceback tests in tests/test_cli.py.	Stop if parse count, exit-2 semantics, or exception precedence changes.	pending owner	proposed
RUFF-SUP-032	backstitch/code_parser.py::_StaticSyntaxCollector.visit_reference	C901	C901=1	1	17	P3	T9 P3 proof closure	permanent	One tree-sitter node dispatcher preserves definitions, bindings, patterns, calls, attributes, and fallback traversal order.	Static syntax, branch binding, PEP 695, scope, comprehension, and parser-ownership tests.	Visitor registries or runtime-AST fallback would hide or duplicate parser semantics.	pending owner	proposed
RUFF-SUP-033	backstitch/code_parser.py::_statement_spans	C901	C901=1	1	15	P3	T9 P3 proof closure	permanent	One recursive walk owns statement and block traversal plus special case and elif spans.	Statement-body, elif and match, and noqa attachment tests in tests/test_code_parser.py and tests/test_python_refs.py.	Parallel span derivation or generic tree walking would break parser-owned coordinates.	pending owner	proposed
RUFF-SUP-034	backstitch/coverage_application.py::_classification_issues	C901	C901=1	1	25	P2	T8 alignment, CLI, evidence, and coverage	temporary	Extract owner-local emitters for definition, unscannable, exemption, requirement, floor, and drift families while policy application and order remain shared.	Every real diagnostic producer, repository and patch context, floors, drift, exemptions, and CLI parity tests.	Stop if any enumerable code loses a firing test or context and severity changes.	pending owner	proposed
RUFF-SUP-035	backstitch/diagnostics.py::parse_registry	C901	C901=1	1	15	P3	T9 P3 proof closure	permanent	One registry parser owns row validation, short-code uniqueness, replacement existence, and cycle proof.	Registry uniqueness, family, status, replacement, cycle, and canonicalization tests in tests/test_diagnostics.py.	Schema libraries or post-construction repair would obscure fail-closed registry authority.	pending owner	proposed
RUFF-SUP-036	backstitch/doctor.py::_check_endpoint	C901	C901=1	1	12	P3	T9 P3 proof closure	permanent	One endpoint decision table owns URL sanitation, redirects, HTTP states, bounds, payload parsing, and model membership.	Status, redirect, oversized, truncated, slow, credential, malformed payload, membership, and connection tests in tests/test_doctor.py.	Generic HTTP clients or response helpers could follow redirects or leak credentials.	pending owner	proposed
RUFF-SUP-037	backstitch/evidence_discovery.py::_ReferenceResolver.build_symbol_tables	C901	C901=1	1	11	P3	T9 P3 proof closure	permanent	One mutable resolver owner builds module, plausible-name, definition, scope, and function-scope indexes in order.	Module-root, ambiguity, lexical scope, ordinals, PEP 695, and source-order tests in tests/test_evidence_discovery.py.	Helpers that partially mutate resolver tables would split initialization ownership.	pending owner	proposed
RUFF-SUP-038	backstitch/evidence_discovery.py::_closure	C901	C901=1	1	20	P3	T9 P3 proof closure	permanent	One graph-search state machine owns seeds, budget charges, lexical cap, bridges, ambiguity expansion, depth frontier, and ceiling.	Budget-unit, collapsed-bridge, ambiguity, frontier, depth, and candidate-ceiling tests.	Generic graph libraries or split queues would change charging and selection order.	pending owner	proposed
RUFF-SUP-039	backstitch/evidence_discovery.py::_project_declared_relations	C901	C901=1	1	13	P3	T9 P3 proof closure	permanent	One pass owns issue, conflict, section, invariant, reciprocal flags, and candidate relation rows.	Section and invariant reciprocal, conflict, module invariant, frontier, and projection tests.	Independent relation and trace-flag passes could disagree.	pending owner	proposed
RUFF-SUP-040	backstitch/evidence_summary.py::_invariant_items	C901	C901=1	1	13	P2	T8 alignment, CLI, evidence, and coverage	temporary	Extract code-owned and spec-owned invariant row projection while target and binding association state remains local.	Spec and code invariant, unresolved target, test evidence, NFC collision, duplicate owner, and module-receipt tests.	Reclassify P3 if helpers need shared mutable association cursors.	pending owner	proposed
RUFF-SUP-041	backstitch/evidence_summary.py::_section_items	C901	C901=1	1	19	P2	T8 alignment, CLI, evidence, and coverage	temporary	Extract typed mapping, backlink, and evidence row projectors while declaration consumption, association, deduplication, and order stay together.	Complete, non-atomic, duplicate same-line, merged backlink, directory mapping, and exact-receipt tests.	Stop if declaration ordinals or duplicate consumption order changes.	pending owner	proposed
RUFF-SUP-042	backstitch/exclusions.py::parse_traceability_directive_line	C901	C901=1	1	18	P3	T9 P3 proof closure	permanent	One parser owns reserved-skip exclusion, underscore and HTML grammar, declaration delimiters, mechanisms, references, strict unknowns, and malformed affordances.	Inline, meta, declaration, unknown, reserved, and malformed cases in exclusions and Markdown suites.	Regex decomposition could change precedence or accept near misses.	pending owner	proposed
RUFF-SUP-043	backstitch/exclusions.py::suppression_decision	C901	C901=1	1	14	P3	T9 P3 proof closure	permanent	One canonical ordered path owns rule scopes, meta semantics, usage accounting, unsuppressible diagnostics, and declaration lookup.	Meta, inline-over-config, section, context severity, unsuppressible, unused, and short-code tests.	Separate match and audit passes could disagree about the effective suppression.	pending owner	proposed
RUFF-SUP-044	backstitch/git_baseline.py::_GitRunner._communicate_bounded	C901	C901=1	1	16	P3	T9 P3 proof closure	permanent	One bounded subprocess protocol owns stdin, output threads, deadline, aggregate charging, close and join, and primary failure.	Unsafe-ref, output-budget, byte-budget, large-batch, and timeout-history tests in tests/test_git_baseline.py.	Generic subprocess wrappers or unbounded communicate would weaken resource limits.	pending owner	proposed
RUFF-SUP-045	backstitch/git_baseline.py::_read_transition_changes	C901	C901=1	1	15	P3	T9 P3 proof closure	permanent	One Git record parser owns framing, path arity, renames, OIDs, canonical paths, blob batching, and deterministic transitions.	Multiple-path, merge-base, 200-transition, unsafe-path, and blob-dedup tests.	Line parsing or per-record Git calls would break framing and scale.	pending owner	proposed
RUFF-SUP-046	backstitch/intent_coverage.py::_classify_definitions	C901	C901=1	1	15	P3	T9 P3 proof closure	permanent	One classifier owns mapping, backlink, whole-file inheritance, smallest owner, invariant declarations, binds, and precedence.	Direct, inherited, module, backlink, invariant, binding, exemption, and ambiguity tests in tests/test_intent_coverage.py.	Separate edge classifiers could apply different ownership ambiguity rules.	pending owner	proposed
RUFF-SUP-047	backstitch/intent_history.py::build_intent_revision_state	C901	C901=1	1	22	P2	T8 alignment, CLI, evidence, and coverage	temporary	Extract typed definition, section hash, connected-test, and drift projection phases while one captured snapshot and report remain authoritative.	Real graph reuse, exact hashes, implementation-only drift, stale history, and scale tests in intent history and Git baseline suites.	Stop if any helper reopens files or rescans independently.	pending owner	proposed
RUFF-SUP-048	backstitch/markdown_specs.py::_TraceabilityReducer.process_reserved_skip_lines	C901	C901=1	1	11	P3	T9 P3 proof closure	permanent	One reducer transition owns reserved-skip block parsing, ordinary-marker coexistence, interleave invalidation, and state mutation.	Skip order, duplicate, interleave, malformed, and marker coexistence tests.	Preprocessing outside the token reducer would split parser state.	pending owner	proposed
RUFF-SUP-049	backstitch/markdown_specs.py::_resolve_skip_candidates	C901	C901=1	1	13	P3	T9 P3 proof closure	permanent	One complete-file resolver owns duplicate invalidation, section and invariant ownership, unused versus invalid classification, and order.	Standalone and inline skip, duplicate, ownership, unknown target, reason, interleave, and coexistence tests.	Eager resolution during token parsing would act on an incomplete file.	pending owner	proposed
RUFF-SUP-050	backstitch/markdown_specs.py::project_section_packet_requirement	C901	C901=1	1	11	P3	T9 P3 proof closure	permanent	One requirement projector owns exact line masking for mappings, traceability markers, skips, HTML directives, and preserved layout.	Wrapped requirement, directive masking, invariant skip, mapping span, and CommonMark tests.	A second Markdown parser would duplicate the structure boundary.	pending owner	proposed
RUFF-SUP-051	backstitch/obligation_api.py::problem_envelope	C901	C901=1	1	13	P3	T9 P3 proof closure	permanent	One public problem audit owns the closed code-to-detail-shape contract and canonical envelope validation.	Every closed detail shape, deadline phase, malformed shape, and not-found tests in tests/test_obligation_api.py.	Generic object validation or open detail dictionaries would weaken enumerable API proof.	pending owner	proposed
RUFF-SUP-052	backstitch/obligation_api.py::render_envelope_text	C901	C901=1	1	20	P3	T9 P3 proof closure	permanent	One text adapter owns explicit operation, result, problem, null, success, and error rendering.	List, get, evidence, candidate pagination, and exact adapter-budget tests.	Reflection or parsing values back from presentation text would make wording load-bearing.	pending owner	proposed
RUFF-SUP-053	backstitch/obligation_runtime.py::_declared_mapping_targets	C901	C901=1	1	14	P3	T9 P3 proof closure	permanent	One additional-path derivation boundary owns snapshot roots, captured Markdown, canonical collisions, ownership, and bare-symbol advisory handling.	Target convergence, missing targets, config identity, symlink replacement, and collision tests in tests/test_obligation_runtime.py.	Source reopening or treating bare symbols as paths would violate snapshot authority.	pending owner	proposed
RUFF-SUP-054	backstitch/obligations.py::_section_record	C901	C901=1	1	12	P3	T9 P3 proof closure	permanent	One section state transition owns evidence completeness, conflict precedence, blockers, guidance, rung, skip, gate state, and counts.	Reciprocal and one-sided relations, role independence, test roots, rungs, skip, conflict, and candidate-count tests.	Separate blocker and guidance passes could disagree about the same state.	pending owner	proposed
RUFF-SUP-055	backstitch/obligations.py::build_obligation_inventory	C901	C901=1	1	16	P2	T8 alignment, CLI, evidence, and coverage	temporary	Extract owner-local input and index validation plus suppression-record projection while ID closure, iteration, order, and aggregate actions remain shared.	Empty bootstrap, duplicate, unaddressable, section, invariant, suppression, skip, count, and summary tests.	Stop if an obligation kind is sorted or validated through a separate path.	pending owner	proposed
RUFF-SUP-056	backstitch/packet_application.py::publish_packets	C901	C901=1	1	12	P3	T9 P3 proof closure	permanent	One application lifecycle owns runtime, deterministic blocking, packet plan, report, progress completion, atomic publication, and failure precedence.	CLI parity, deadline-no-publication, progress isolation, partial publication, and deterministic-block tests.	Moving publication before accounting or using parallel writes would break artifact-set authority.	pending owner	proposed
RUFF-SUP-057	backstitch/python_refs.py::_extract_line_refs	C901	C901=1	1	14	P3	T9 P3 proof closure	permanent	One line parser owns precedence among file-qualified refs, adjacent groups, ranges, bare IDs, and consumed spans.	File-qualified, compact, comma, cross-bracket, dash, anchor, prose-noqa, and noise tests.	Independent regex passes without shared consumption state could double-project references.	pending owner	proposed
RUFF-SUP-058	backstitch/python_refs.py::_project_python_doc_markers	C901	C901=1	1	12	P3	T9 P3 proof closure	permanent	One physical-line pass owns interpolation and escape rejection, bindings, declaration continuations, consumed lines, and invariant construction.	Physical marker, malformed, concatenated, interpolated, escaped, continuation, binding, and owner tests.	Evaluated-string parsing or a parallel marker parser would lose source coordinates.	pending owner	proposed
RUFF-SUP-059	backstitch/repository_snapshot.py::_bounded_read_attempt	C901	C901=1	1	12	P3	T9 P3 proof closure	permanent	One stable-read attempt owns expected lstat, no-follow open, fstat identity, bounded chunks, deadline, and close.	Stable bounded failure, per-read deadline, symlink, nonregular, and boundary-pin tests.	Ordinary Path.read_bytes or detached checks would weaken no-follow identity.	pending owner	proposed
RUFF-SUP-060	backstitch/repository_snapshot.py::_capture_attempt	C901	C901=1	1	11	P3	T9 P3 proof closure	permanent	One torn-read transaction owns initial inventory, ordered reads, mutation hooks, hashes, and whole-attempt discard.	Torn retry and exhaustion, membership, inode, catalog mutation, and deadline tests.	Retaining partial bytes across attempts would mix repository moments.	pending owner	proposed
RUFF-SUP-061	backstitch/repository_snapshot.py::_inventory	C901	C901=1	1	22	P3	T9 P3 proof closure	permanent	One attempt inventory owns normalized targets, source and catalog roles, direct files, directories, missing targets, collisions, and identity.	Additional and missing targets, catalog mutation, collision, unsafe components, budget, and identity tests.	Separate code, spec, and additional inventories could disagree about one repository view.	pending owner	proposed
RUFF-SUP-062	backstitch/repository_snapshot.py::_inventory_open_directory	C901	C901=1	1	18	P3	T9 P3 proof closure	permanent	One descriptor-relative directory lease owns recursion, exclusions, names, catalog and source classification, no-follow opens, and nonregular rejection.	Catalog, exclusion, symlink, Unicode, collision, mutation, and canonical-owner tests in tests/test_repository_snapshot.py.	Path-based reopening or recursion outside the descriptor would create TOCTOU risk.	pending owner	proposed
RUFF-SUP-063	backstitch/repository_snapshot.py::capture_repository_snapshot	C901	C901=1	1	14	P3	T9 P3 proof closure	permanent	One public capture owner preserves platform and root validation, config sources, path convergence, retry, catalog hash, and final identity.	Full repository snapshot suite plus no-reopen and shared-projection snapshot resolver tests.	Separate semantic and config snapshots or fallback readers would violate one-view capture.	pending owner	proposed
RUFF-SUP-064	backstitch/resolver.py::_project_scan_artifacts	C901	C901=1	1	19	P3	T9 P3 proof closure	permanent	One projection phase owns report parts, suppression diagnostics and decisions, issue order, parsed artifacts, and immutable output.	Snapshot and check shared projection, suppressions, parser diagnostics, and CLI format consistency tests.	Independent report and artifact passes could diverge.	pending owner	proposed
RUFF-SUP-065	backstitch/resolver.py::_reciprocal_and_inventory_issues	C901	C901=1	1	13	P3	T9 P3 proof closure	permanent	One completed-edge audit owns mapping and backlink reciprocity, path and symbol coverage, duplicate accounting, and inventory diagnostics.	One-sided mapping and backlink, directory mapping, test-only mapping, and reciprocal tests.	Emitting reciprocity during partial resolution would report transient graph state.	pending owner	proposed
RUFF-SUP-066	backstitch/resolver.py::_resolve_code_refs	C901	C901=1	1	13	P3	T9 P3 proof closure	permanent	One code-reference phase owns qualified, bare, and range dispatch, prefix filtering, rung classification, deduplication, and backlinks.	Bare, qualified, range, rung, reciprocal, and snapshot resolver tests.	A second parser or separate bare-reference engine would duplicate resolution policy.	pending owner	proposed
RUFF-SUP-067	backstitch/resolver.py::_resolve_file_qualified_ref	C901	C901=1	1	12	P3	T9 P3 proof closure	permanent	One qualified-reference boundary owns containment, existence, classification, section and range expansion, issues, and backlinks.	Missing spec and section, range, outside-root, rung, and reciprocal tests.	Resolving sections without file policy context could accept invalid targets.	pending owner	proposed
RUFF-SUP-068	backstitch/resolver.py::_resolve_invariants	C901	C901=1	1	13	P3	T9 P3 proof closure	permanent	One invariant phase owns declaration ownership, target and bind resolution, ambiguity, containment, edges, and issues.	Code and spec invariant, binding, missing and ambiguous target, duplicate, and outside-root tests.	Separate code and spec invariant engines could apply different identity rules.	pending owner	proposed
RUFF-SUP-069	backstitch/resolver.py::_resolve_mappings	C901	C901=1	1	11	P3	T9 P3 proof closure	permanent	One resolver phase owns mapping normalization, ladder resolution, ambiguity, missing severity, edges, and diagnostics.	Mapping, ambiguity, missing target, rung, and reciprocal tests in resolver and snapshot resolver suites.	Separate path and symbol lookup paths could diverge.	pending owner	proposed
RUFF-SUP-070	backstitch/resolver.py::scan_snapshot_with_artifacts	C901	C901=1	1	14	P3	T9 P3 proof closure	permanent	One captured-byte scan path owns roots, Markdown and Python parsing, module identities, path facts, resolution phases, and final projection.	Shared projection, no-reopen, external target, missing and unreadable row, and CLI check tests.	Any source reopening or parallel scan API would violate snapshot authority.	pending owner	proposed
RUFF-SUP-071	backstitch/semantic_analysis.py::_execute_cache	C901	C901=1	1	12	P2	T6 cache and semantic execution	temporary	Shared adapter construction and call budget remain one owner while parallel runs fold in packet order.	tests/test_semantic_analysis.py concurrency/order and operational-count cases	Generic executor or a second adapter-construction owner	pending owner	proposed
RUFF-SUP-072	backstitch/semantic_analysis.py::_execute_evidence_stable_preparation	C901	C901=1	1	22	P1	T6 cache and semantic execution	temporary	One evidence-stable execution owner preserves adapter construction, call budget, counters, locks, lease lifetime, and ordered outcomes.	tests/test_semantic_analysis.py mixed carry/live and foreign-winner cases; tests/test_semantic_cache.py failure/deadline cases	Helpers that shuttle live lease and counter state or split cache selection from lease lifetime	pending owner	proposed
RUFF-SUP-073	backstitch/semantic_analysis.py::_execute_evidence_stable_preparation.resolve_item	C901	C901=1	1	12	P1	T6 cache and semantic execution	temporary	Packet-local resolution retains exact provider/cache failure mapping under the outer evidence-stable lifecycle owner.	tests/test_semantic_analysis.py evidence-stable concurrency, mixed carry/live, foreign-winner, deadline, and failure-containment cases	A stateless callback that obscures budget release, adapter ownership, or packet-local containment	pending owner	proposed
RUFF-SUP-074	backstitch/semantic_analysis.py::_packet_report_preflight	C901	C901=1	1	16	P2	T6 cache and semantic execution	temporary	Packet-report identity errors precede completeness and budget findings; accumulated problem order stays stable.	tests/test_semantic_analysis.py required-report, zero-packet, budget, and complete-run cases	Moving report validation behind capacity checks or creating a generic preflight framework	pending owner	proposed
RUFF-SUP-075	backstitch/semantic_analysis.py::_resolve_independent_qualification	C901	C901=1	1	14	P1	T6 cache and semantic execution	temporary	Qualification authority fails closed in missing, corrupt, identity-mismatch, then failed order using authoritative corpus/report facts.	tests/test_semantic_analysis.py qualification cases; tests/test_semantic_eval_reports_v3.py authoritative report tests	A second qualification parser or helpers that reorder failure precedence	pending owner	proposed
RUFF-SUP-076	backstitch/semantic_analysis.py::_resolve_request_bytes	C901	C901=1	1	13	P3	retained at activation	permanent	One prepared-plan byte-integrity validator preserves packet order, contribution equality, prompt prefix, digest, and aggregate measurements.	tests/test_semantic_analysis.py retained-request-byte, misaligned-plan, and prompt-mutation cases	Field-by-field helpers or a second request-byte validation path	pending owner	proposed
RUFF-SUP-077	backstitch/semantic_analysis.py::_run_semantic_analysis	C901	C901=1	1	36	P1	T6 cache and semantic execution	temporary	One run owner preserves preflight, cache/verification execution, exit choice, result-before-report publication, report rebuild, and output-error precedence.	Full tests/test_semantic_analysis.py, especially publication failure, partial output, cost, currentness, and verification cases	Phase helpers that pass the full local state or move publication/report validation order	pending owner	proposed
RUFF-SUP-078	backstitch/semantic_application.py::_prepare_current	C901	C901=1	1	15	P2	T6 cache and semantic execution	temporary	Provider-free preparation preserves snapshot, progress, admission, deterministic/alignment error priority, packet planning, and cold-budget checks.	Full tests/test_semantic_application.py provider-free preflight, budget, currentness, and deadline cases	A parallel preparation path or any extraction that makes provider work reachable	pending owner	proposed
RUFF-SUP-079	backstitch/semantic_cache.py::_analyze_config_problems	C901	C901=1	1	11	P3	retained at activation	permanent	One ordered analyzer preflight owns the closed cache, identity, timing, packet, and adapter constraints.	tests/test_semantic_cache.py invalid epoch, duplicate ID, cache eligibility, blank provider, and require-mode cases	One helper per check or a generic configuration framework	pending owner	proposed
RUFF-SUP-080	backstitch/semantic_cache.py::_drain_owned_cleanup_under_guard	C901	C901=1	1	12	P3	retained at activation	permanent	Lock-kind selection, unchanged-owner authority, best-effort cleanup, and primary-failure protection remain one guarded transaction.	tests/test_semantic_cache.py cleanup critical-section, ownership-loss, unchanged-token, and primary-failure cases	Per-lock-kind cleanup owners or cleanup errors displacing the primary failure	pending owner	proposed
RUFF-SUP-081	backstitch/semantic_cache.py::_validate_inference_contract_shape	C901	C901=1	1	13	P3	retained at activation	permanent	One closed inference-contract validator binds prompt, provider, request, cached identity completeness, and canonical form.	tests/test_semantic_cache.py unknown-field, malformed-identity, and corruption matrices	Generic schema validation or separate provider/request acceptance paths	pending owner	proposed
RUFF-SUP-082	backstitch/semantic_cache.py::analyze_with_cache	C901	C901=1	1	34	P1	T6 cache and semantic execution	temporary	Ordered cache-mode resolution stays in one owner while a named call owner contains adapter, deadline, reservation, accounting, and external errors.	Full tests/test_semantic_cache.py off/read-write/require, race, deadline, budget, corrupt-hit, and continuation cases	Splitting cache mutation/normalization order or trusting the earlier inspection pass	pending owner	proposed
RUFF-SUP-083	backstitch/semantic_cache.py::analyze_with_cache.call	C901	C901=1	1	15	P1	T6 cache and semantic execution	temporary	One analyzer-call owner preserves lazy adapter construction, global reservation/release, deadline, request bytes, and call counters.	tests/test_semantic_cache.py factory-deadline, call-budget, adapter/provider failure, and prompt-byte cases	A stateless callback or second counter/reservation owner	pending owner	proposed
RUFF-SUP-084	backstitch/semantic_cache.py::inspect_semantic_cache	C901	C901=1	1	17	P2	T6 cache and semantic execution	temporary	Inspection shares only pure preflight and identity freezing, then remains strictly read-only and independently revalidates untrusted hits.	tests/test_semantic_cache.py cache-inspection, off-mode no-stat, corrupt-hit, and require-miss cases	Sharing execution state, creating cache paths/guards, or treating inspection as authoritative for execution	pending owner	proposed
RUFF-SUP-085	backstitch/semantic_cache.py::inspect_verification_cache	C901	C901=1	1	17	P2	T6 cache and semantic execution	temporary	Verifier work and identity preflight can be shared while hit inspection remains read-only and side-effect free.	tests/test_semantic_verification.py read-only inspection and malformed-work cases	A shared path that constructs adapters, writes cache state, or translates errors differently from execution	pending owner	proposed
RUFF-SUP-086	backstitch/semantic_cache.py::load_semantic_baseline	C901	C901=1	1	14	P3	retained at activation	permanent	Immutable baseline, result object, inference contract, review identity, and envelope validation remain one no-fallback chain.	tests/test_semantic_cache.py absent-target, stale identity, corrupt target, and race cases	Partial loaders, fallback reads, or reordered artifact validation	pending owner	proposed
RUFF-SUP-087	backstitch/semantic_cache.py::prepare_evidence_stable_cache	C901	C901=1	1	27	P3	retained at activation	permanent	One context-manager owns lexical lease acquisition, second-read arbitration, exact fallback, yield lifetime, and reverse cleanup.	tests/test_semantic_cache.py lock-order, publication-race, carry-forward, deadline, and cleanup cases	Helpers that move lease arrays, selections, or active state across owners	pending owner	proposed
RUFF-SUP-088	backstitch/semantic_cache.py::verify_with_cache	C901	C901=1	1	39	P1	T6 cache and semantic execution	temporary	Ordered verifier cache modes remain one owner while a named call owner preserves deadline, reservation, prompt bytes, adapter, counters, and error translation.	Full tests/test_semantic_verification.py cache, single-flight, deadline, malformed-adapter, and work-preflight suites	Moving hit/miss correction, normalization, or item containment into a generic cache executor	pending owner	proposed
RUFF-SUP-089	backstitch/semantic_cache.py::verify_with_cache.call	C901	C901=1	1	11	P1	T6 cache and semantic execution	temporary	One verifier-call owner preserves lazy adapter construction, global reservation/release, frozen prompt identity, calls, and post-return deadline checks.	tests/test_semantic_verification.py budget, factory failure, request bytes, deadline-after-return, and replay cases	A stateless callback or duplicated reservation and adapter state	pending owner	proposed
RUFF-SUP-090	backstitch/semantic_eval.py::run_semantic_eval	C901	C901=1	1	20	P1	T7 eval, reports, and artifacts	temporary	One qualification-run owner preserves fixture/cache temporary lifetimes, cold-primary then zero-call replay, global budgets, authoritative revalidation, and atomic publication.	Full tests/test_semantic_eval.py, especially cold/replay, trials, budgets, overlaps, and publication	Phase helpers that outlive temporary roots, duplicate job identity, or reorder analyzer/verifier work	pending owner	proposed
RUFF-SUP-091	backstitch/semantic_eval_reports.py::_load_fixture_tree	C901	C901=1	1	14	P3	retained at activation	permanent	One filesystem trust boundary observes walk order, symlink status, regular bytes, modes, manifest equality, and digest from one tree.	tests/test_semantic_eval_reports_v3.py fixture load/materialization and validation-priority cases	Separate walker and manifest readers that can observe different filesystem states	pending owner	proposed
RUFF-SUP-092	backstitch/semantic_eval_reports.py::_metric_row_from_observed	C901	C901=1	1	22	P3	retained at activation	permanent	One metric owner shares exact slot populations across expected findings, predictions, stability, false positives, flips, critical cases, and confidence bounds.	tests/test_semantic_eval_reports_v3.py aggregate/by-code recomputation and authoritative observation cases	Generic metrics framework or helpers that duplicate finding-slot definitions	pending owner	proposed
RUFF-SUP-093	backstitch/semantic_eval_reports.py::_validate_analysis_attempt	C901	C901=1	1	11	P3	retained at activation	permanent	Attempt identity, primary/replay bytes, provenance, and cache-object hashes remain one artifact chain.	tests/test_semantic_eval_reports_v3.py local identity/cache and replay recomputation cases	Partial result or provenance loaders and reordered hash validation	pending owner	proposed
RUFF-SUP-094	backstitch/semantic_eval_reports.py::_validate_deterministic_config	C901	C901=1	1	15	P3	retained at activation	permanent	One closed deterministic-config contract preserves root containment and ordered unique policy fields.	tests/test_semantic_eval_reports_v3.py corpus manifest/config mutation cases	Generic config schema machinery or reordered first-error precedence	pending owner	proposed
RUFF-SUP-095	backstitch/semantic_eval_reports.py::_validate_event	C901	C901=1	1	18	P3	retained at activation	permanent	Claim reconstruction, primary/replay verifier results, aggregate context, and comparison signature remain one event contract.	tests/test_semantic_eval_reports_v3.py event/by-code and effective-epoch recomputation cases	Per-side validators that weaken cross-side byte identity or event ordering	pending owner	proposed
RUFF-SUP-096	backstitch/semantic_eval_reports.py::_validate_identity	C901	C901=1	1	15	P3	retained at activation	permanent	Analysis, verification, derivation, evaluation, and composition hashes form one paired report identity.	tests/test_semantic_eval_reports_v3.py identity/composition recomputation mutations	Independent analysis and verification validators that can accept a mismatched pair	pending owner	proposed
RUFF-SUP-097	backstitch/semantic_eval_reports.py::_validate_observed_facts	C901	C901=1	1	23	P3	retained at activation	permanent	Authoritative source facts own eligibility, gold membership, packet validation, and analyzer/verifier evidence rebinding.	tests/test_semantic_eval_reports_v3.py authoritative source-fact and metric cases	Report-derived gold, synthetic packet facts, or splitting evidence validation from eligibility	pending owner	proposed
RUFF-SUP-098	backstitch/semantic_eval_reports.py::_validate_operational	C901	C901=1	1	11	P3	retained at activation	permanent	Cold/replay lane counters and costs reconcile from one distinct-key population oracle.	tests/test_semantic_eval.py cold-primary/zero-call replay; tests/test_semantic_eval_reports_v3.py local recomputation	Per-counter helpers or report-claimed call populations	pending owner	proposed
RUFF-SUP-099	backstitch/semantic_eval_reports.py::validate_semantic_eval_report_consistency	C901	C901=1	1	22	P3	retained at activation	permanent	One report-local validator owns closed shape, attempt/event coverage and order, metrics, operational counts, and qualification.	Full tests/test_semantic_eval_reports_v3.py	Moving coverage/order checks into loaders that lack the complete report	pending owner	proposed
RUFF-SUP-100	backstitch/semantic_evidence.py::_shown_regions	C901	C901=1	1	20	P2	T8 alignment, CLI, evidence, and coverage	temporary	Schema-specific projection helpers must preserve exact model-visible region order, roles, spans, and omissions.	tests/test_semantic_evidence.py deduplicated, overlapping, and exact-region cases	A generic projection engine or helpers that change schema-specific evidence visibility	pending owner	proposed
RUFF-SUP-101	backstitch/semantic_evidence.py::normalize_model_result	C901	C901=1	1	13	P3	retained at activation	permanent	Closed response validation, vocabulary, confidence/rationale rules, evidence normalization, and invariant downgrade precedence remain one boundary.	Full tests/test_semantic_evidence.py, especially downgrade and forged-evidence cases	Separating downgrade from role validation or accepting partial responses	pending owner	proposed
RUFF-SUP-102	backstitch/semantic_evidence.py::required_evidence_roles	C901	C901=1	1	12	P3	retained at activation	permanent	The explicit kind/classification decision table is the audit surface for minimum evidence roles.	tests/test_semantic_evidence.py every-kind/classification role matrix	Opaque lookup indirection without an enumerable firing matrix	pending owner	proposed
RUFF-SUP-103	backstitch/semantic_policy.py::materialize_semantic_policy	C901	C901=1	1	12	P3	retained at activation	permanent	One matrix owner resolves every code/state cell with later-rule precedence, exact provenance, and failure-authority checks.	tests/test_semantic_policy.py exact-cell, selector precedence, and authority matrices	Generic rule engine or precomputed policy that obscures winning-rule provenance	pending owner	proposed
RUFF-SUP-104	backstitch/semantic_policy.py::project_semantic_results	C901	C901=1	1	13	P3	retained at activation	permanent	Finding-keyed verification composition, disposition use, diagnostic order, and debt projection remain one audit pass.	tests/test_semantic_policy.py transition, precedence, unknown-observation, debt, and unused-disposition cases	Separate diagnostic/debt loops or positional verifier composition	pending owner	proposed
RUFF-SUP-105	backstitch/semantic_reports.py::_analysis_report_source_state	C901	C901=1	1	21	P3	retained at activation	permanent	Top-level schema, scope, currentness, source, alignment, and counts validate before derived source state exists.	tests/test_semantic_reports.py source-shape first-error and current/historical scope matrices	Separate schema-version readers or constructing state before validation completes	pending owner	proposed
RUFF-SUP-106	backstitch/semantic_reports.py::_packet_report_issue_error	C901	C901=1	1	13	P3	retained at activation	permanent	Registry vocabulary, context/severity, occurrence ordinal, and deterministic issue identity recompute in one ordered pass.	tests/test_semantic_reports.py issue identity/order cases; tests/test_canonical_owners.py registry ownership	Trusting rendered issue fields or moving ordinal ownership outside the pass	pending owner	proposed
RUFF-SUP-107	backstitch/semantic_reports.py::_packet_report_source_shape	C901	C901=1	1	20	P3	retained at activation	permanent	Audit, deterministic issues, packet identity, kind counts, timestamp, and content digest reconcile in one source-report validator.	tests/test_semantic_reports.py derived-mismatch, issue-contract, canonical-output, and first-error cases	Digest validation before constituent contracts or a second content projection	pending owner	proposed
RUFF-SUP-108	backstitch/semantic_reports.py::_packet_report_source_state	C901	C901=1	1	21	P3	retained at activation	permanent	Schema, snapshot, derivation, readiness counts, and selection status validate before normalized packet-report state exists.	tests/test_semantic_reports.py packet source-shape first-error and derived-mismatch cases	Schema-specific parallel loaders or returning state before counts balance	pending owner	proposed
RUFF-SUP-109	backstitch/semantic_reports.py::_revalidate_result_jsonl	C901	C901=1	1	11	P3	retained at activation	permanent	Exact LF, JSON, canonical bytes, packet binding, semantic evidence, uniqueness, and packet order remain one JSONL boundary.	tests/test_semantic_reports.py exact result-JSONL mutations; tests/test_canonical_owners.py	Separating line parsing from packet-bound canonical revalidation	pending owner	proposed
RUFF-SUP-110	backstitch/semantic_reports.py::_validate_analysis_report_source_shape	C901	C901=1	1	34	P1	T7 eval, reports, and artifacts	temporary	Source-state errors precede semantic audit; diagnostics, debt, dispositions, problems, status, verification, and cache/kind counters remain population-consistent.	tests/test_semantic_reports.py first-error, debt subset/order, status, cache counters, and all-skipped cases	Helpers that duplicate report vocabulary, reorder validation, or split related populations	pending owner	proposed
RUFF-SUP-111	backstitch/semantic_reports.py::_validate_analysis_report_v1_shape	C901	C901=1	1	29	P3	retained at activation	permanent	One bounded legacy reader preserves its exact count, debt, diagnostic, problem, and status relationships.	tests/test_semantic_reports.py legacy round-trip and current-argument rejection cases	Routing legacy reports through current-schema normalization	pending owner	proposed
RUFF-SUP-112	backstitch/semantic_reports.py::_validate_analysis_report_v5_shape	C901	C901=1	1	23	P3	retained at activation	permanent	Selected inference, prompts, result sources/providers, reuse mode, and operational count shape remain one schema-5 contract.	tests/test_semantic_reports.py schema-5 operational oracle and authoritative-fact mutations	Normalization that obscures carried versus exact result selection	pending owner	proposed
RUFF-SUP-113	backstitch/semantic_reports.py::_validate_diagnostic	C901	C901=1	1	22	P3	retained at activation	permanent	Semantic identity, kind/classification, evidence, finding hash, policy provenance, and authority remain one diagnostic contract.	tests/test_semantic_reports.py cross-contract forgery, evidence span, finding hash, and policy cases	Independent hash/evidence/policy validators that can accept different rows	pending owner	proposed
RUFF-SUP-114	backstitch/semantic_reports.py::_validate_packet_report_audit	C901	C901=1	1	20	P3	retained at activation	permanent	Alignment vocabulary, identity grammar, skip/gate consistency, canonical order, and readiness counts share one audit population.	tests/test_semantic_reports.py audit-bucket and source-shape cases; suppression lifecycle probes	One handler per obligation kind or partial-row acceptance	pending owner	proposed
RUFF-SUP-115	backstitch/semantic_reports.py::_validate_packet_report_v1_shape	C901	C901=1	1	17	P3	retained at activation	permanent	One bounded legacy packet-report reader preserves exact identity, kind, count, warning, prompt, and packet relationships.	tests/test_semantic_reports.py schema-1 round-trip and closed/range/count cases	Current-schema normalization or relaxed legacy acceptance	pending owner	proposed
RUFF-SUP-116	backstitch/semantic_reports.py::_validate_problem_v3	C901	C901=1	1	17	P3	retained at activation	permanent	The explicit stage/code/details decision table is the closed problem contract.	tests/test_semantic_reports.py _PROBLEM_CASES firing matrix and closed-details mutations	Loose details schemas, generic dispatch, or untested stage/code pairs	pending owner	proposed
RUFF-SUP-117	backstitch/semantic_reports.py::_validate_qualification_details	C901	C901=1	1	24	P2	T7 eval, reports, and artifacts	temporary	Ordered helpers must preserve selector, derivation/qualification identity, provider, hash, and reason-dependent field contracts.	tests/test_semantic_analysis.py qualification modes; tests/test_semantic_reports.py problem-row contracts	A generic identity validator or any extraction that changes first-error order	pending owner	proposed
RUFF-SUP-118	backstitch/semantic_reports.py::_validate_v5_authoritative_facts	C901	C901=1	1	24	P3	retained at activation	permanent	Result objects, events, selected inference, review keys, provenance, selection mode, and provider grouping remain one authoritative chain.	tests/test_semantic_reports.py schema-5 authoritative-fact mutation matrix	Partial provenance loaders or provider grouping derived from report claims	pending owner	proposed
RUFF-SUP-119	backstitch/semantic_reports.py::_validate_verification	C901	C901=1	1	16	P3	retained at activation	permanent	Enabled/disabled shape, counters, event order, aggregate counts, and report status share one subsection population.	tests/test_semantic_reports.py enabled/disabled, failed-run, cache-off, and aggregate cases	Separate counter and event passes that can accept different populations	pending owner	proposed
RUFF-SUP-120	backstitch/semantic_reports.py::_validate_verification_contract	C901	C901=1	1	11	P3	retained at activation	permanent	Provider, request, prompt, epoch, and cost fields form one closed verifier identity contract.	tests/test_semantic_reports.py verification-contract relationship mutations	Independent field validators that do not recompute the paired contract	pending owner	proposed
RUFF-SUP-121	backstitch/semantic_reports.py::_validate_verification_event	C901	C901=1	1	18	P3	retained at activation	permanent	Claim hash, verifier packet hash, results, evidence, aggregate, and context remain one event contract.	tests/test_semantic_reports.py verification aggregate and evidence-rebinding cases	Per-result validation that loses claim or aggregate linkage	pending owner	proposed
RUFF-SUP-122	backstitch/semantic_reports.py::build_source_packet_report	C901	C901=1	1	15	P2	T7 eval, reports, and artifacts	temporary	Pure audit and issue-row builders may extract, but runtime admission, packet/snapshot/config binding, self-hash, and final byte ceiling remain here.	tests/test_semantic_reports.py build/recompute cases; tests/test_analysis_packets.py source packet generation	Moving publication admission or byte ceiling into row builders, or changing issue ordinal/order	pending owner	proposed
RUFF-SUP-123	backstitch/semantic_reports.py::validate_analysis_report	C901	C901=1	1	37	P1	T7 eval, reports, and artifacts	temporary	Closed shape validates first; paired packet report, exact results, schema-5 facts, diagnostics, verification, runtime authority, and final digests retain strict order.	Full tests/test_semantic_reports.py, especially first-error, cross-contract forgery, source pairing, v5 facts, and legacy rejection	Generic artifact framework, self-attestation, or moving validation phases across precedence boundaries	pending owner	proposed
RUFF-SUP-124	backstitch/semantic_reports.py::validate_packet_report	C901	C901=1	1	26	P2	T7 eval, reports, and artifacts	temporary	Current and legacy authoritative binders must preserve digest, bytes, packet parse, supplied packet comparison, version/kind, and prompt precedence.	tests/test_semantic_reports.py packet digest/byte/packet/version/kind/prompt mismatch suite	Fallback between schema families or validation helpers that reorder first failure	pending owner	proposed
RUFF-SUP-125	backstitch/semantic_verification.py::validate_verification_links	C901	C901=1	1	16	P3	retained at activation	permanent	Packet, claim, request, prompt identity, epochs, hashes, and verify key recompute as one complete provider-independent graph.	tests/test_semantic_verification.py claim/request/identity mutation and normalization cases	Partial validators, self-attesting hashes, or parallel claim/request identity paths	pending owner	proposed
RUFF-SUP-126	backstitch/settings.py::_assemble_settings	C901	C901=1	1	21	P1	T5 settings	temporary	Repository layers, provenance, command-scoped environment, CLI overlays, and final root containment retain one precedence chain.	tests/test_settings.py precedence/default-command/root-containment, tests/test_cli_config.py, and tests/test_config_parity.py.	A second resolver or helpers that shuttle mutable raw and provenance state.	pending owner	proposed
RUFF-SUP-127	backstitch/settings.py::_expand_raw_paths	C901	C901=1	1	14	P1	T5 settings	temporary	Every path expands against its defining layer while coverage scopes, roots, verifier paths, symlink policy, duplicates, and containment retain their distinct contracts.	tests/test_settings.py anchoring/canonical-floor/extend cases and tests/test_semantic_settings.py verify-eval containment.	One generic path walker or any extraction that changes base directory, historical lexical behavior, or containment order.	pending owner	proposed
RUFF-SUP-128	backstitch/settings.py::_flatten_ratchet_policy_layer	C901	C901=1	1	15	P3	T9 P3 proof closure	permanent	One closed inventory owns every gate-affecting profile, coverage, diagnostics, and lint key while excluding presentation-only keys and canonicalizing floor scopes.	tests/test_settings.py::test_flatten_ratchet_policy_layer_has_exact_included_and_excluded_gate_keys enumerates every included and excluded gate key, floor-scope canonicalization, and exclude/extend behavior; tests/test_config_parity.py::test_equal_layers_produce_equal_nonoperational_settings proves source parity.	Reflection over all settings fields would silently admit presentation-only inputs.	pending owner	proposed
RUFF-SUP-129	backstitch/settings.py::_parse_analyze_settings	C901	C901=1	1	11	P3	T9 P3 proof closure	permanent	The explicit closed analyze descriptor, cache, budget, alias, cost, and cross-field contract remains beside final construction.	tests/test_semantic_settings.py every field/type/range, cache identity, cost input, packet bound, and alias cases.	Reflection or dataclass auto-loading would hide field and cross-field firing obligations.	pending owner	proposed
RUFF-SUP-130	backstitch/settings.py::_parse_request_constraints	C901	C901=1	1	19	P1	T5 settings	temporary	The closed four-field authored/normalized grammar preserves exact null-bearing output, accepted TOML shapes, duplicate checks, ranges, and first-error order.	tests/test_semantic_settings.py capability incompatibility, authored-shape, type, range, and duplicate cases.	A validation DSL or per-field path that changes normalized shape or validation order.	pending owner	proposed
RUFF-SUP-131	backstitch/settings.py::_parse_settings	C901	C901=1	1	20	P1	T5 settings	temporary	Unknown keys validate before typed parsing; one immutable BackstitchSettings construction preserves path anchoring and policy-origin cardinality.	Full tests/test_settings.py, tests/test_semantic_settings.py, tests/test_cli_config.py, and tests/test_config_parity.py.	A generic schema engine, alternate config path, or helper that reorders validation and final assembly.	pending owner	proposed
RUFF-SUP-132	backstitch/settings.py::_parse_structured_suppressions	C901	C901=1	1	15	P1	T5 settings	temporary	Ordered suppression rows preserve required keys, provenance, path grammar, section/code canonicalization, and meta-versus-ignore constraints.	tests/test_settings.py documented parse, invalid shapes, required fields, hatch, and replace-across-extend cases.	A generic config-object loader or any helper that changes row order or canonicalization.	pending owner	proposed
RUFF-SUP-133	backstitch/settings.py::_parse_verify_settings	C901	C901=1	1	15	P2	T5 settings	temporary	Provider-source resolution, dormant disabled descriptors, inherited versus override ownership, epochs, cost provenance, and final construction remain all-or-nothing.	tests/test_semantic_settings.py disabled/activation, provider completeness, epochs, cost/cache, and eval cases.	Stop if dormant parsing, provider error order, or explicit-rate provenance moves.	pending owner	proposed
RUFF-SUP-134	backstitch/settings.py::_ratchet_policy_provenance	C901	C901=1	1	11	P3	T9 P3 proof closure	permanent	One effective-origin mirror preserves replacement, append, floor reset, and packaged empty-default semantics.	tests/test_settings.py coverage-policy provenance and ratchet trust plus tests/test_config_parity.py equality.	A generic provenance-event framework or a second merge implementation.	pending owner	proposed
RUFF-SUP-135	backstitch/settings.py::_select_analyze_model_descriptor	C901	C901=1	1	12	P2	T5 settings	temporary	Alias ownership, collision rejection, model precedence, and complete descriptor projection remain atomic.	tests/test_semantic_settings.py catalog/flat ownership, alias collision, CLI/environment precedence, and atomic-extend cases.	A generic model registry or any helper that permits partial descriptor inheritance.	pending owner	proposed
RUFF-SUP-136	backstitch/settings.py::_table_key_names	C901	C901=1	1	12	P1	T5 settings	temporary	One explicit immutable table-name to allowed-key map preserves the closed table vocabulary and empty unknown-table fallback.	tests/test_settings.py::test_table_key_names_is_the_exact_closed_table_map fires all eleven named table branches and the empty fallback for unknown, nested, case-drifted, and blank names.	Reflection from parser internals or a map that omits a table without failing.	pending owner	proposed
RUFF-SUP-137	backstitch/settings.py::_unknown_key_messages	C901	C901=1	1	28	P1	T5 settings	temporary	Top-level and nested unknown-key inventories preserve deterministic traversal, exact paths, the allow-unknown hatch, and first-message order.	tests/test_settings.py and tests/test_semantic_settings.py unknown-key, nested-child, and allow-unknown cases.	A loose recursive schema walker that changes known children, paths, or reporting order.	pending owner	proposed
RUFF-SUP-138	backstitch/settings.py::resolve_repository_config_from_blobs	C901	C901=1	1	13	P2	T5 settings	temporary	Historical config loading stays lexical, repository-contained, budgeted, filesystem-free, and behaviorally identical to current config loading.	tests/test_settings.py blob normalization/containment/parity and tests/test_config_parity.py.	Stop if extraction calls Path.resolve, reads the filesystem, changes error order, or creates current/historical divergence.	pending owner	proposed
RUFF-SUP-139	bin/check-dom15-fixtures::check	C901	C901=1	1	11	P3	T9 P3 proof closure	permanent	One enumerable fixture-table audit owns class grammar, cumulative coverage, negative facts, and subsume-cue validation.	bin/check-dom15-fixtures --self-test and the live DOM-15 gate with one mutation probe per declared rule.	A general Markdown policy engine or removal of a mutation probe.	pending owner	proposed
RUFF-SUP-140	bin/coalesce-check::main	C901	C901=1	1	14	P2	T9 tests, tools, and P3	temporary	Claim and cue classification preserves informational local-only/foreign states, fatal broken cues, remote checks, and both dated-H2 counts.	tests/test_coalesce_check.py::test_coalesce_check_reports_local_only_and_foreign_without_failing and ::test_coalesce_check_fails_for_unattributed_and_broken_retrieval_cues run the real script against a temporary Git repository and local bare origin, covering both dated-H2 forms without network access.	A generic evidence framework or extraction that turns informational states fatal or broken cues successful.	pending owner	proposed
RUFF-SUP-141	bin/release.py::main	C901	C901=1	1	15	P1	T9 tests, tools, and P3	temporary	Parsing, version and safety gates, dry-run parity, push then fresh-state recheck, and tag mutation retain one release order.	tests/test_release_script.py dirty/dry-run/real-rerun/publication/tag-fence cases.	A flag-heavy batch/single runner or extraction that moves push, fresh-state, tag, or dry-run order.	pending owner	proposed
RUFF-SUP-142	bin/release.py::plan_tag_action	C901	C901=1	1	11	P3	T9 P3 proof closure	permanent	The explicit fail-closed publication, local-tag, remote-tag, version-change, and retag decision table remains one audit surface.	tests/test_release_script.py plan-tag, published-version, refreshed-state, and conflict cases.	A generic rule engine or one helper per branch.	pending owner	proposed
RUFF-SUP-143	tests/live/test_live_llm.py::_CountingProxy.__enter__	C901	C901=1	1	32	P1	T9 tests, tools, and P3	temporary	One real loopback proxy lifecycle owns handler construction, server publication, thread startup, and teardown.	tests/test_live_llm_helpers.py body/schema/stream/SSE/error/prefix/cleanup cases plus the live contract.	Mocked HTTP, a parallel fake adapter, or a handler owner detached from proxy lifecycle.	pending owner	proposed
RUFF-SUP-144	tests/live/test_live_llm.py::_CountingProxy.__enter__.Handler._forward	C901	C901=1	1	16	P1	T9 tests, tools, and P3	temporary	Forwarded request bytes, once-per-packet recording, stream bridging, response-start state, short-read behavior, and 502 precedence stay local to the real handler.	tests/test_live_llm_helpers.py proxy transport and failure matrix plus the live contract.	Stop if extraction changes bytes, headers, status, close behavior, or creates a second forwarding path.	pending owner	proposed
RUFF-SUP-145	tests/live/test_live_llm.py::_exercise_live_llm_analysis_contract	C901	C901=1	1	11	P3	T9 P3 proof closure	permanent	One end-to-end packets, analyze, cache replay, check, and summary story preserves same-corpus causal assertions and row-level validation.	The live analysis contract plus helper-driven hermetic preflight and real transport tests.	Stage splitting that loses same-corpus causality or mocks the CLI, provider, or cache.	pending owner	proposed
RUFF-SUP-146	tests/semantic_eval/v3/generate_qualification_candidate.py::_arguments	C901	C901=1	1	23	P2	T9 tests, tools, and P3	temporary	Each qualification case owns its function arguments beside slug, bodies, labels, and control facts while generated identities remain reviewed.	tests/test_semantic_eval_corpus_v3.py rederivation, frozen identity, floors, controls, mutations, and generator no-write check.	Inferring arguments from source bodies or accepting unreviewed generated-byte and hash drift.	pending owner	proposed
RUFF-SUP-147	tests/test_architecture.py::_internal_imports	C901	C901=1	1	11	P3	T9 P3 proof closure	permanent	One static AST edge collector includes direct, relative, function-local, and TYPE_CHECKING imports so the conservative graph remains authoritative.	Focused local-edge and TYPE_CHECKING tests plus live DAG and ranked-layer gates.	Runtime import probing or a visitor abstraction that can hide local edges.	pending owner	proposed
RUFF-SUP-148	tests/test_architecture.py::_private_imports	C901	C901=1	1	14	P3	T9 P3 proof closure	permanent	One cross-rank private-import audit covers direct imports and module-attribute aliases using the same rank and alias state.	Module-attribute discovery test plus the live layer gate in tests/test_architecture.py.	Runtime reflection or separating alias collection from attribute scanning.	pending owner	proposed
RUFF-SUP-149	tests/test_architecture.py::_strongly_connected_components	C901	C901=1	1	12	P3	T9 P3 proof closure	permanent	The deterministic two-pass SCC algorithm retains its traversal order and local visited, finish, reverse, and assignment state.	Settings/snapshot separation and zero-live-SCC tests in tests/test_architecture.py.	A graph dependency or fragmented traversal helpers without a new graph contract.	pending owner	proposed
RUFF-SUP-150	tests/test_canonical_owners.py::_Inventory.visit_Call	C901	C901=1	1	13	P2	T9 tests, tools, and P3	temporary	JSON, prompt authority, SHA grammar, and newline call detectors share one visitor traversal, scope, imports, constants, and exactly one generic_visit.	Canonical-owner adversarial/evasion and closed-inventory suite in tests/test_canonical_owners.py.	Stop if detector extraction traverses twice, misses nested calls, or loses any mutation test.	pending owner	proposed
RUFF-SUP-151	tests/test_semantic_reports.py::test_analysis_report_source_shape_preserves_first_error_priority	C901	C901=1	1	11	P3	T9 P3 proof closure	permanent	Each matrix case installs two invalid facts and proves the source validator reports the first contractual error.	The parametrized first-error test plus canonical source-shape neighbors in tests/test_semantic_reports.py.	Single-error tests or dynamic mutation that no longer proves precedence.	pending owner	proposed
RUFF-SUP-152	tests/test_semantic_verification.py::test_every_provider_and_request_composition_field_invalidates_its_side	C901	C901=1	1	12	P3	T9 P3 proof closure	permanent	Every provider dataclass field and request field mutates one composition side while the other side remains byte-identical.	The exhaustive field test plus epoch, threshold, and aggregation composition neighbors.	Reflection that silently accepts a new field or separate tests that lose exact-side causality.	pending owner	proposed
RUFF-SUP-153	backstitch/doctor.py::_check_llm_import	F401	F401=1	1	n/a	P3	T9 P3 proof closure	permanent	The doctor intentionally imports llm to prove importability, then obtains the installed version through the package metadata owner.	tests/test_doctor.py import success, import failure containment, version reporting, and no-traceback cases.	Removing the probe import or adding a fake use would stop testing the dependency boundary.	pending owner	proposed
